State,MAE,R2 Score
Tripura,1.83,0.7721
Goa,1.42,0.5814
Nagaland,1.22,0.8779
Arunachal_Pradesh,1.49,0.8872
Jharkhand,1.86,0.8259
Karnataka,1.32,0.6799
Assam,1.51,0.8468
Maharashtra,1.5,0.7451
Punjab,2.14,0.873
Meghalaya,1.46,0.8251
Manipur,1.23,0.8712
Mizoram,1.44,0.8202
Odisha,1.6,0.787
West_Bengal,1.73,0.8269
Tamil_Nadu,1.24,0.6982
Uttar_Pradesh,1.96,0.8619
Bihar,1.97,0.835
Uttarakhand,2.37,0.8516
Himachal_Pradesh,4.24,0.7968
Gujarat,1.67,0.8061
Chhattisgarh,1.66,0.8019
Haryana,2.18,0.8675
Telangana,1.6,0.7222
Madhya_Pradesh,1.76,0.8332
Kerala,0.98,0.6698
Andhra_Pradesh,1.42,0.7201
Rajasthan,1.98,0.8635
Sikkim,2.17,0.8138
